<?xml version="1.0" encoding="UTF-8"?>
<project-private xmlns="http://www.netbeans.org/ns/project-private/1">
    <editor-bookmarks xmlns="http://www.netbeans.org/ns/editor-bookmarks/2" lastBookmarkId="0"/>
    <open-files xmlns="http://www.netbeans.org/ns/projectui-open-files/2">
        <group>
            <file>file:/C:/Users/CHAR0/Documents/NetBeansProjects/JavaWahana/src/com/day09/Animal.java</file>
            <file>file:/C:/Users/CHAR0/Documents/NetBeansProjects/JavaWahana/src/com/day10/FileIO3.java</file>
            <file>file:/C:/Users/CHAR0/Documents/NetBeansProjects/JavaWahana/src/com/day09/TwoDShape.java</file>
            <file>file:/C:/Users/CHAR0/Documents/NetBeansProjects/JavaWahana/src/com/day10/FileIO1.java</file>
            <file>file:/C:/Users/CHAR0/Documents/NetBeansProjects/JavaWahana/src/com/day10/FileIO2.java</file>
            <file>file:/C:/Users/CHAR0/Documents/NetBeansProjects/JavaWahana/src/com/day07/TokoElektronik.java</file>
            <file>file:/C:/Users/CHAR0/Documents/NetBeansProjects/JavaWahana/src/com/day09/Cat.java</file>
            <file>file:/C:/Users/CHAR0/Documents/NetBeansProjects/JavaWahana/src/com/day10/FileIO4.java</file>
            <file>file:/C:/Users/CHAR0/Documents/NetBeansProjects/JavaWahana/src/com/day09/Inheritance.java</file>
        </group>
    </open-files>
</project-private>
