<?xml version="1.0" encoding="UTF-8"?>
<project-private xmlns="http://www.netbeans.org/ns/project-private/1">
    <editor-bookmarks xmlns="http://www.netbeans.org/ns/editor-bookmarks/2" lastBookmarkId="0"/>
    <open-files xmlns="http://www.netbeans.org/ns/projectui-open-files/2">
        <group>
            <file>file:/C:/Users/User/Documents/NetBeansProjects/DesignPattern/src/design/pattern/abstractfactory/EnemyShipTesting.java</file>
            <file>file:/C:/Users/User/Documents/NetBeansProjects/DesignPattern/src/design/pattern/abstractfactory/ESUFOEngine.java</file>
            <file>file:/C:/Users/User/Documents/NetBeansProjects/DesignPattern/src/design/pattern/abstractfactory/EnemyShipBuilding.java</file>
            <file>file:/C:/Users/User/Documents/NetBeansProjects/DesignPattern/src/design/pattern/abstractfactory/UFOEnemyShip.java</file>
            <file>file:/C:/Users/User/Documents/NetBeansProjects/DesignPattern/src/design/pattern/abstractfactory/EnemyShipFactory.java</file>
            <file>file:/C:/Users/User/Documents/NetBeansProjects/DesignPattern/src/design/pattern/abstractfactory/ESEngine.java</file>
            <file>file:/C:/Users/User/Documents/NetBeansProjects/DesignPattern/src/design/pattern/abstractfactory/UFOEnemyShipBuilding.java</file>
            <file>file:/C:/Users/User/Documents/NetBeansProjects/DesignPattern/src/design/pattern/abstractfactory/EnemyShip.java</file>
            <file>file:/C:/Users/User/Documents/NetBeansProjects/DesignPattern/src/design/pattern/abstractfactory/ESUFOGun.java</file>
            <file>file:/C:/Users/User/Documents/NetBeansProjects/DesignPattern/src/design/pattern/abstractfactory/ESWeapon.java</file>
            <file>file:/C:/Users/User/Documents/NetBeansProjects/DesignPattern/src/design/pattern/abstractfactory/UFOEnemyShipFactory.java</file>
        </group>
    </open-files>
</project-private>
